year,country,age at 1st shild,air_transport_passangers,birth rate,Energy Productivity,Export as GDP percent,fertility rate,GDP per capita,gender pay gap,Import as GDP percent,life exp by 65,life exp by birth,long term unemployment,population,R&D,rail_transport,unemployment rate,unmet medical need
2014,Belgium,28.5,28776258,11.2,NA,"79,8",1.74,35950.0,6.6,79.0,21.2,78.8,3.9,11180840.0,1.34,NA,8.7,2.5
2015,Belgium,28.7,30958841,10.8,NA,"77,8",1.7,36960.0,6.4,76.4,20.6,78.7,4.0,11237274.0,1.34,NA,8.7,2.4
2016,Belgium,28.8,30115832,10.8,NA,"79,4",1.68,37960.0,6.0,78.2,21.3,79.0,3.7,11311117.0,1.37,NA,7.9,2.5
2017,Belgium,29.0,33260493,10.5,NA,"83,2",1.65,39130.0,5.8,82.1,20.9,79.2,3.1,11351727.0,1.37,NA,7.2,2.2
2018,Belgium,29.0,34506309,10.4,NA,83,1.62,40260.0,5.8,83.3,21.3,79.4,2.6,11398589.0,1.42,NA,6.0,1.8
2019,Belgium,29.1,35385188,10.2,NA,83,1.6,41630.0,5.8,81.5,21.4,79.8,2.1,11455519.0,1.46,NA,5.5,1.8
2020,Belgium,29.2,9465828,9.9,NA,80,1.55,39560.0,5.3,78.6,20.1,78.6,2.1,11522440.0,1.53,NA,5.8,1.5